modo,tamanho_mb,clientes,repeticao,amostras,min_s,media_s,max_s
sequencial,5,2,1,2,0.019107269,0.022057666,0.025008064
paralelo,5,2,1,2,0.018758724,0.019811990,0.020865255
pool,5,2,1,2,0.021632378,0.021876699,0.022121020
p2p,5,2,1,2,0.008800467,0.008884721,0.008968976
sequencial,5,2,2,2,0.017070851,0.020350955,0.023631059
paralelo,5,2,2,2,0.021217254,0.021250073,0.021282891
pool,5,2,2,2,0.019022058,0.019233163,0.019444267
p2p,5,2,2,2,0.008489638,0.008695492,0.008901346
sequencial,5,2,3,2,0.015196854,0.016972809,0.018748764
paralelo,5,2,3,2,0.021008658,0.021260058,0.021511459
pool,5,2,3,2,0.017208125,0.017881670,0.018555214
p2p,5,2,3,2,0.008077239,0.008085829,0.008094419
sequencial,5,4,1,4,0.013637521,0.017850020,0.022486960
paralelo,5,4,1,4,0.018838944,0.020228066,0.021413685
pool,5,4,1,4,0.020534758,0.023597779,0.026412208
p2p,5,4,1,4,0.010302485,0.010971455,0.011255553
sequencial,5,4,2,4,0.016152695,0.021485005,0.028880828
paralelo,5,4,2,4,0.020562473,0.022400318,0.023409759
pool,5,4,2,4,0.023920888,0.026656116,0.030159096
p2p,5,4,2,4,0.011287510,0.011782714,0.012261579
sequencial,5,4,3,4,0.016858563,0.020484670,0.025804766
paralelo,5,4,3,4,0.021443309,0.022787594,0.023903366
pool,5,4,3,4,0.023563590,0.026553786,0.028380740
p2p,5,4,3,4,0.008199960,0.009032352,0.009780044
sequencial,5,8,1,8,0.026083359,0.037529478,0.046423100
paralelo,5,8,1,8,0.024711718,0.030126323,0.035076203
pool,5,8,1,8,0.024487376,0.028057778,0.033878179
p2p,5,8,1,8,0.013290849,0.014657005,0.016103986
sequencial,5,8,2,8,0.023467730,0.032509214,0.041809308
paralelo,5,8,2,8,0.029355896,0.032325557,0.035358392
pool,5,8,2,8,0.028272149,0.034564037,0.048024236
p2p,5,8,2,8,0.011503139,0.015571928,0.017733351
sequencial,5,8,3,8,0.016954375,0.027677689,0.042688467
paralelo,5,8,3,8,0.022012721,0.029638088,0.036008351
pool,5,8,3,8,0.024577719,0.033115883,0.041799088
p2p,5,8,3,8,0.016148310,0.018091159,0.020845317
sequencial,50,2,1,2,0.033798998,0.047721983,0.061644968
paralelo,50,2,1,2,0.035737461,0.040615521,0.045493580
pool,50,2,1,2,0.034948466,0.036635099,0.038321732
p2p,50,2,1,2,0.037979302,0.038100238,0.038221174
sequencial,50,2,2,2,0.036913063,0.046041908,0.055170752
paralelo,50,2,2,2,0.038974962,0.041222852,0.043470741
pool,50,2,2,2,0.029816922,0.030836330,0.031855738
p2p,50,2,2,2,0.033701394,0.033824465,0.033947537
sequencial,50,2,3,2,0.027881498,0.037651838,0.047422178
paralelo,50,2,3,2,0.035115373,0.036313442,0.037511511
pool,50,2,3,2,0.035786879,0.037811442,0.039836004
p2p,50,2,3,2,0.037549798,0.037711978,0.037874157
sequencial,50,4,1,4,0.040185510,0.071461432,0.110913684
paralelo,50,4,1,4,0.040331616,0.046323517,0.049272751
pool,50,4,1,4,0.040699280,0.058855023,0.073961369
p2p,50,4,1,4,0.060662333,0.061414095,0.062865441
sequencial,50,4,2,4,0.032610793,0.059134802,0.085269706
paralelo,50,4,2,4,0.044454040,0.046357702,0.049960678
pool,50,4,2,4,0.038835016,0.051729574,0.067817361
p2p,50,4,2,4,0.051081284,0.053527807,0.054751765
sequencial,50,4,3,4,0.051384993,0.093001305,0.129584604
paralelo,50,4,3,4,0.038563181,0.047112594,0.052387263
pool,50,4,3,4,0.033526447,0.049557415,0.065948031
p2p,50,4,3,4,0.069771338,0.072248979,0.073385816
sequencial,50,8,1,8,0.042002494,0.144101593,0.253887721
paralelo,50,8,1,8,0.061191281,0.071901375,0.086742213
pool,50,8,1,8,0.035192978,0.074701387,0.118353106
p2p,50,8,1,8,0.081220588,0.087418869,0.093539692
sequencial,50,8,2,8,0.035926877,0.106053550,0.175423009
paralelo,50,8,2,8,0.060508747,0.074225806,0.085150416
pool,50,8,2,8,0.044573468,0.085828153,0.138985272
p2p,50,8,2,8,0.075449379,0.078336262,0.080541601
sequencial,50,8,3,8,0.038339355,0.100605557,0.167936512
paralelo,50,8,3,8,0.061533160,0.073986015,0.094227864
pool,50,8,3,8,0.045778688,0.084139310,0.119916279
p2p,50,8,3,8,0.070615064,0.072372079,0.074268746
sequencial,500,2,1,2,0.167423976,0.236430876,0.305437775
paralelo,500,2,1,2,0.194205389,0.202005234,0.209805079
pool,500,2,1,2,0.134334819,0.141324506,0.148314193
p2p,500,2,1,2,0.276458232,0.276600275,0.276742317
sequencial,500,2,2,2,0.157340472,0.227219397,0.297098322
paralelo,500,2,2,2,0.184230457,0.228299492,0.272368527
pool,500,2,2,2,0.165695974,0.175781211,0.185866449
p2p,500,2,2,2,0.348021106,0.348054471,0.348087835
sequencial,500,2,3,2,0.143705822,0.215103192,0.286500563
paralelo,500,2,3,2,0.166551427,0.203066394,0.239581362
pool,500,2,3,2,0.145274283,0.145995481,0.146716679
p2p,500,2,3,2,0.266120553,0.266241089,0.266361625
sequencial,500,4,1,4,0.183523693,0.417076469,0.642331587
paralelo,500,4,1,4,0.233148018,0.249589914,0.260658881
pool,500,4,1,4,0.153492293,0.242269491,0.347588968
p2p,500,4,1,4,0.440544000,0.447590385,0.450882725
sequencial,500,4,2,4,0.159430722,0.415343955,0.672734888
paralelo,500,4,2,4,0.211944539,0.229578856,0.242302429
pool,500,4,2,4,0.167447645,0.284103770,0.384394495
p2p,500,4,2,4,0.438359303,0.441062433,0.442436745
sequencial,500,4,3,4,0.173724963,0.439754003,0.681178629
paralelo,500,4,3,4,0.228522422,0.252868625,0.276498986
pool,500,4,3,4,0.151527615,0.268815600,0.395331704
p2p,500,4,3,4,0.383361819,0.385360714,0.387118915
sequencial,500,8,1,8,0.229918653,0.901737697,1.472317470
paralelo,500,8,1,8,0.270393347,0.369589404,0.415065992
pool,500,8,1,8,0.201720591,0.575935672,1.011800710
p2p,500,8,1,8,0.739907026,0.747630795,0.759616192
sequencial,500,8,2,8,0.257200467,1.160597251,2.080455925
paralelo,500,8,2,8,0.360801326,0.401194380,0.418380365
pool,500,8,2,8,0.192284682,0.609437546,0.984722479
p2p,500,8,2,8,0.659930608,0.663110041,0.665780490
sequencial,500,8,3,8,0.174694049,0.741816258,1.338596244
paralelo,500,8,3,8,0.250744894,0.342696882,0.463015432
pool,500,8,3,8,0.185826148,0.483038439,0.942704633
p2p,500,8,3,8,0.508588790,0.512322230,0.515452958
