modo,tamanho_mb,clientes,amostras,min_s,media_s,max_s
sequencial,5,2,6,0.015196854,0.019793810,0.025008064
paralelo,5,2,6,0.018758724,0.020774040,0.021511459
pool,5,2,6,0.017208125,0.019663844,0.022121020
p2p,5,2,6,0.008077239,0.008555348,0.008968976
sequencial,5,4,12,0.013637521,0.019939898,0.028880828
paralelo,5,4,12,0.018838944,0.021805326,0.023903366
pool,5,4,12,0.020534758,0.025602561,0.030159096
p2p,5,4,12,0.008199960,0.010595507,0.012261579
sequencial,5,8,24,0.016954375,0.032572127,0.046423100
paralelo,5,8,24,0.022012721,0.030696656,0.036008351
pool,5,8,24,0.024487376,0.031912566,0.048024236
p2p,5,8,24,0.011503139,0.016106697,0.020845317
sequencial,50,2,6,0.027881498,0.043805243,0.061644968
paralelo,50,2,6,0.035115373,0.039383938,0.045493580
pool,50,2,6,0.029816922,0.035094290,0.039836004
p2p,50,2,6,0.033701394,0.036545560,0.038221174
sequencial,50,4,12,0.032610793,0.074532513,0.129584604
paralelo,50,4,12,0.038563181,0.046597937,0.052387263
pool,50,4,12,0.033526447,0.053380671,0.073961369
p2p,50,4,12,0.051081284,0.062396960,0.073385816
sequencial,50,8,24,0.035926877,0.116920233,0.253887721
paralelo,50,8,24,0.060508747,0.073371065,0.094227864
pool,50,8,24,0.035192978,0.081556283,0.138985272
p2p,50,8,24,0.070615064,0.079375737,0.093539692
sequencial,500,2,6,0.143705822,0.226251155,0.305437775
paralelo,500,2,6,0.166551427,0.211123707,0.272368527
pool,500,2,6,0.134334819,0.154367066,0.185866449
p2p,500,2,6,0.266120553,0.296965278,0.348087835
sequencial,500,4,12,0.159430722,0.424058142,0.681178629
paralelo,500,4,12,0.211944539,0.244012465,0.276498986
pool,500,4,12,0.151527615,0.265062954,0.395331704
p2p,500,4,12,0.383361819,0.424671177,0.450882725
sequencial,500,8,24,0.174694049,0.934717068,2.080455925
paralelo,500,8,24,0.250744894,0.371160222,0.463015432
pool,500,8,24,0.185826148,0.556137219,1.011800710
p2p,500,8,24,0.508588790,0.641021022,0.759616192
