modo,tamanho_mb,clientes,repeticao,no,bytes,tempo_s,crc_ok,max_envios_origem
sequencial,5,2,1,1,5000000,0.025008064,true,1
sequencial,5,2,1,2,5000000,0.019107269,true,1
p2p,5,2,1,1,5000000,0.008968976,true,2
p2p,5,2,1,2,5000000,0.008800467,true,2
paralelo,5,2,1,1,5000000,0.018758724,true,2
paralelo,5,2,1,2,5000000,0.020865255,true,2
pool,5,2,1,1,5000000,0.021632378,true,2
pool,5,2,1,2,5000000,0.022121020,true,2
paralelo,5,2,2,1,5000000,0.021282891,true,2
paralelo,5,2,2,2,5000000,0.021217254,true,2
pool,5,2,2,1,5000000,0.019444267,true,2
pool,5,2,2,2,5000000,0.019022058,true,2
p2p,5,2,2,1,5000000,0.008489638,true,2
p2p,5,2,2,2,5000000,0.008901346,true,2
sequencial,5,2,2,1,5000000,0.023631059,true,1
sequencial,5,2,2,2,5000000,0.017070851,true,1
sequencial,5,2,3,1,5000000,0.018748764,true,1
sequencial,5,2,3,2,5000000,0.015196854,true,1
p2p,5,2,3,1,5000000,0.008094419,true,2
p2p,5,2,3,2,5000000,0.008077239,true,2
paralelo,5,2,3,1,5000000,0.021511459,true,2
paralelo,5,2,3,2,5000000,0.021008658,true,2
pool,5,2,3,1,5000000,0.018555214,true,2
pool,5,2,3,2,5000000,0.017208125,true,2
pool,5,4,1,1,5000000,0.026412208,true,2
pool,5,4,1,2,5000000,0.026252732,true,2
pool,5,4,1,3,5000000,0.020534758,true,2
pool,5,4,1,4,5000000,0.021191417,true,2
paralelo,5,4,1,1,5000000,0.021310729,true,4
paralelo,5,4,1,2,5000000,0.021413685,true,4
paralelo,5,4,1,3,5000000,0.018838944,true,4
paralelo,5,4,1,4,5000000,0.019348906,true,4
p2p,5,4,1,1,5000000,0.011245438,true,2
p2p,5,4,1,2,5000000,0.010302485,true,2
p2p,5,4,1,3,5000000,0.011255553,true,2
p2p,5,4,1,4,5000000,0.011082342,true,2
sequencial,5,4,1,1,5000000,0.022486960,true,1
sequencial,5,4,1,2,5000000,0.016263890,true,1
sequencial,5,4,1,3,5000000,0.019011708,true,1
sequencial,5,4,1,4,5000000,0.013637521,true,1
pool,5,4,2,1,5000000,0.030159096,true,2
pool,5,4,2,2,5000000,0.024027495,true,2
pool,5,4,2,3,5000000,0.023920888,true,2
pool,5,4,2,4,5000000,0.028516986,true,2
paralelo,5,4,2,1,5000000,0.020562473,true,4
paralelo,5,4,2,2,5000000,0.022289078,true,4
paralelo,5,4,2,3,5000000,0.023339961,true,4
paralelo,5,4,2,4,5000000,0.023409759,true,4
sequencial,5,4,2,1,5000000,0.020007739,true,1
sequencial,5,4,2,2,5000000,0.028880828,true,1
sequencial,5,4,2,3,5000000,0.016152695,true,1
sequencial,5,4,2,4,5000000,0.020898759,true,1
p2p,5,4,2,1,5000000,0.012261579,true,2
p2p,5,4,2,2,5000000,0.011528496,true,2
p2p,5,4,2,3,5000000,0.012053272,true,2
p2p,5,4,2,4,5000000,0.011287510,true,2
p2p,5,4,3,1,5000000,0.009191915,true,2
p2p,5,4,3,2,5000000,0.008199960,true,2
p2p,5,4,3,3,5000000,0.009780044,true,2
p2p,5,4,3,4,5000000,0.008957490,true,2
pool,5,4,3,1,5000000,0.028248439,true,2
pool,5,4,3,2,5000000,0.026022377,true,2
pool,5,4,3,3,5000000,0.023563590,true,2
pool,5,4,3,4,5000000,0.028380740,true,2
sequencial,5,4,3,1,5000000,0.016858563,true,1
sequencial,5,4,3,2,5000000,0.020053491,true,1
sequencial,5,4,3,3,5000000,0.019221859,true,1
sequencial,5,4,3,4,5000000,0.025804766,true,1
paralelo,5,4,3,1,5000000,0.021971920,true,4
paralelo,5,4,3,2,5000000,0.021443309,true,4
paralelo,5,4,3,3,5000000,0.023903366,true,4
paralelo,5,4,3,4,5000000,0.023831781,true,4
sequencial,5,8,1,1,5000000,0.042808361,true,1
sequencial,5,8,1,2,5000000,0.035314007,true,1
sequencial,5,8,1,3,5000000,0.042433737,true,1
sequencial,5,8,1,4,5000000,0.028143778,true,1
sequencial,5,8,1,5,5000000,0.046423100,true,1
sequencial,5,8,1,6,5000000,0.026083359,true,1
sequencial,5,8,1,7,5000000,0.046101124,true,1
sequencial,5,8,1,8,5000000,0.032928358,true,1
p2p,5,8,1,1,5000000,0.014313869,true,2
p2p,5,8,1,2,5000000,0.013290849,true,2
p2p,5,8,1,3,5000000,0.014431693,true,2
p2p,5,8,1,4,5000000,0.015749573,true,2
p2p,5,8,1,5,5000000,0.013482191,true,2
p2p,5,8,1,6,5000000,0.014075858,true,2
p2p,5,8,1,7,5000000,0.015808024,true,2
p2p,5,8,1,8,5000000,0.016103986,true,2
paralelo,5,8,1,1,5000000,0.031522111,true,8
paralelo,5,8,1,2,5000000,0.033076826,true,8
paralelo,5,8,1,3,5000000,0.035076203,true,8
paralelo,5,8,1,4,5000000,0.031241232,true,8
paralelo,5,8,1,5,5000000,0.028805456,true,8
paralelo,5,8,1,6,5000000,0.024711718,true,8
paralelo,5,8,1,7,5000000,0.027940254,true,8
paralelo,5,8,1,8,5000000,0.028636787,true,8
pool,5,8,1,1,5000000,0.029340922,true,2
pool,5,8,1,2,5000000,0.033878179,true,2
pool,5,8,1,3,5000000,0.024558632,true,2
pool,5,8,1,4,5000000,0.025834525,true,2
pool,5,8,1,5,5000000,0.027086433,true,2
pool,5,8,1,6,5000000,0.030586034,true,2
pool,5,8,1,7,5000000,0.024487376,true,2
pool,5,8,1,8,5000000,0.028690121,true,2
pool,5,8,2,1,5000000,0.048024236,true,2
pool,5,8,2,2,5000000,0.032038417,true,2
pool,5,8,2,3,5000000,0.030058909,true,2
pool,5,8,2,4,5000000,0.043381080,true,2
pool,5,8,2,5,5000000,0.028272149,true,2
pool,5,8,2,6,5000000,0.031168625,true,2
pool,5,8,2,7,5000000,0.028355943,true,2
pool,5,8,2,8,5000000,0.035212937,true,2
paralelo,5,8,2,1,5000000,0.029355896,true,8
paralelo,5,8,2,2,5000000,0.030958112,true,8
paralelo,5,8,2,3,5000000,0.032765146,true,8
paralelo,5,8,2,4,5000000,0.034654913,true,8
paralelo,5,8,2,5,5000000,0.034462578,true,8
paralelo,5,8,2,6,5000000,0.031583872,true,8
paralelo,5,8,2,7,5000000,0.029465548,true,8
paralelo,5,8,2,8,5000000,0.035358392,true,8
p2p,5,8,2,1,5000000,0.011503139,true,2
p2p,5,8,2,2,5000000,0.014737746,true,2
p2p,5,8,2,3,5000000,0.017509585,true,2
p2p,5,8,2,4,5000000,0.013541741,true,2
p2p,5,8,2,5,5000000,0.016616771,true,2
p2p,5,8,2,6,5000000,0.016497726,true,2
p2p,5,8,2,7,5000000,0.017733351,true,2
p2p,5,8,2,8,5000000,0.016435364,true,2
sequencial,5,8,2,1,5000000,0.025233478,true,1
sequencial,5,8,2,2,5000000,0.033858962,true,1
sequencial,5,8,2,3,5000000,0.038257313,true,1
sequencial,5,8,2,4,5000000,0.029367443,true,1
sequencial,5,8,2,5,5000000,0.023467730,true,1
sequencial,5,8,2,6,5000000,0.041809308,true,1
sequencial,5,8,2,7,5000000,0.031040234,true,1
sequencial,5,8,2,8,5000000,0.037039244,true,1
pool,5,8,3,1,5000000,0.030221003,true,2
pool,5,8,3,2,5000000,0.038244498,true,2
pool,5,8,3,3,5000000,0.030162722,true,2
pool,5,8,3,4,5000000,0.038855076,true,2
pool,5,8,3,5,5000000,0.027645665,true,2
pool,5,8,3,6,5000000,0.033421290,true,2
pool,5,8,3,7,5000000,0.041799088,true,2
pool,5,8,3,8,5000000,0.024577719,true,2
p2p,5,8,3,1,5000000,0.016284837,true,2
p2p,5,8,3,2,5000000,0.019084476,true,2
p2p,5,8,3,3,5000000,0.017128597,true,2
p2p,5,8,3,4,5000000,0.016148310,true,2
p2p,5,8,3,5,5000000,0.020845317,true,2
p2p,5,8,3,6,5000000,0.020457690,true,2
p2p,5,8,3,7,5000000,0.017890291,true,2
p2p,5,8,3,8,5000000,0.016889755,true,2
paralelo,5,8,3,1,5000000,0.035130665,true,7
paralelo,5,8,3,2,5000000,0.027793879,true,7
paralelo,5,8,3,3,5000000,0.036008351,true,7
paralelo,5,8,3,4,5000000,0.027214909,true,7
paralelo,5,8,3,5,5000000,0.030886451,true,7
paralelo,5,8,3,6,5000000,0.027926375,true,7
paralelo,5,8,3,7,5000000,0.022012721,true,7
paralelo,5,8,3,8,5000000,0.030131356,true,7
sequencial,5,8,3,1,5000000,0.021638798,true,1
sequencial,5,8,3,2,5000000,0.032474572,true,1
sequencial,5,8,3,3,5000000,0.016954375,true,1
sequencial,5,8,3,4,5000000,0.031690153,true,1
sequencial,5,8,3,5,5000000,0.042688467,true,1
sequencial,5,8,3,6,5000000,0.022933525,true,1
sequencial,5,8,3,7,5000000,0.034078000,true,1
sequencial,5,8,3,8,5000000,0.018963623,true,1
pool,50,2,1,1,50000000,0.038321732,true,2
pool,50,2,1,2,50000000,0.034948466,true,2
p2p,50,2,1,1,50000000,0.038221174,true,2
p2p,50,2,1,2,50000000,0.037979302,true,2
sequencial,50,2,1,1,50000000,0.061644968,true,1
sequencial,50,2,1,2,50000000,0.033798998,true,1
paralelo,50,2,1,1,50000000,0.045493580,true,2
paralelo,50,2,1,2,50000000,0.035737461,true,2
sequencial,50,2,2,1,50000000,0.055170752,true,1
sequencial,50,2,2,2,50000000,0.036913063,true,1
paralelo,50,2,2,1,50000000,0.043470741,true,2
paralelo,50,2,2,2,50000000,0.038974962,true,2
p2p,50,2,2,1,50000000,0.033947537,true,2
p2p,50,2,2,2,50000000,0.033701394,true,2
pool,50,2,2,1,50000000,0.031855738,true,2
pool,50,2,2,2,50000000,0.029816922,true,2
pool,50,2,3,1,50000000,0.039836004,true,2
pool,50,2,3,2,50000000,0.035786879,true,2
paralelo,50,2,3,1,50000000,0.035115373,true,2
paralelo,50,2,3,2,50000000,0.037511511,true,2
p2p,50,2,3,1,50000000,0.037874157,true,2
p2p,50,2,3,2,50000000,0.037549798,true,2
sequencial,50,2,3,1,50000000,0.047422178,true,1
sequencial,50,2,3,2,50000000,0.027881498,true,1
p2p,50,4,1,1,50000000,0.060935631,true,2
p2p,50,4,1,2,50000000,0.060662333,true,2
p2p,50,4,1,3,50000000,0.061192976,true,2
p2p,50,4,1,4,50000000,0.062865441,true,2
paralelo,50,4,1,1,50000000,0.049272751,true,4
paralelo,50,4,1,2,50000000,0.048460146,true,4
paralelo,50,4,1,3,50000000,0.047229554,true,4
paralelo,50,4,1,4,50000000,0.040331616,true,4
sequencial,50,4,1,1,50000000,0.077849491,true,1
sequencial,50,4,1,2,50000000,0.110913684,true,1
sequencial,50,4,1,3,50000000,0.056897041,true,1
sequencial,50,4,1,4,50000000,0.040185510,true,1
pool,50,4,1,1,50000000,0.040699280,true,2
pool,50,4,1,2,50000000,0.055549401,true,2
pool,50,4,1,3,50000000,0.073961369,true,2
pool,50,4,1,4,50000000,0.065210044,true,2
pool,50,4,2,1,50000000,0.039239994,true,2
pool,50,4,2,2,50000000,0.061025924,true,2
pool,50,4,2,3,50000000,0.067817361,true,2
pool,50,4,2,4,50000000,0.038835016,true,2
sequencial,50,4,2,1,50000000,0.050096397,true,1
sequencial,50,4,2,2,50000000,0.068562310,true,1
sequencial,50,4,2,3,50000000,0.085269706,true,1
sequencial,50,4,2,4,50000000,0.032610793,true,1
paralelo,50,4,2,1,50000000,0.045451353,true,4
paralelo,50,4,2,2,50000000,0.049960678,true,4
paralelo,50,4,2,3,50000000,0.044454040,true,4
paralelo,50,4,2,4,50000000,0.045564735,true,4
p2p,50,4,2,1,50000000,0.054244906,true,2
p2p,50,4,2,2,50000000,0.051081284,true,2
p2p,50,4,2,3,50000000,0.054751765,true,2
p2p,50,4,2,4,50000000,0.054033274,true,2
p2p,50,4,3,1,50000000,0.073011844,true,2
p2p,50,4,3,2,50000000,0.069771338,true,2
p2p,50,4,3,3,50000000,0.073385816,true,2
p2p,50,4,3,4,50000000,0.072826916,true,2
sequencial,50,4,3,1,50000000,0.051384993,true,1
sequencial,50,4,3,2,50000000,0.129584604,true,1
sequencial,50,4,3,3,50000000,0.085591113,true,1
sequencial,50,4,3,4,50000000,0.105444510,true,1
pool,50,4,3,1,50000000,0.033526447,true,2
pool,50,4,3,2,50000000,0.046115355,true,2
pool,50,4,3,3,50000000,0.052639826,true,2
pool,50,4,3,4,50000000,0.065948031,true,2
paralelo,50,4,3,1,50000000,0.050295433,true,4
paralelo,50,4,3,2,50000000,0.038563181,true,4
paralelo,50,4,3,3,50000000,0.047204498,true,4
paralelo,50,4,3,4,50000000,0.052387263,true,4
paralelo,50,8,1,1,50000000,0.065918848,true,8
paralelo,50,8,1,2,50000000,0.064997388,true,8
paralelo,50,8,1,3,50000000,0.078527030,true,8
paralelo,50,8,1,4,50000000,0.069340181,true,8
paralelo,50,8,1,5,50000000,0.061191281,true,8
paralelo,50,8,1,6,50000000,0.085104980,true,8
paralelo,50,8,1,7,50000000,0.086742213,true,8
paralelo,50,8,1,8,50000000,0.063389078,true,8
p2p,50,8,1,1,50000000,0.086859677,true,2
p2p,50,8,1,2,50000000,0.082301990,true,2
p2p,50,8,1,3,50000000,0.093162696,true,2
p2p,50,8,1,4,50000000,0.086777671,true,2
p2p,50,8,1,5,50000000,0.081220588,true,2
p2p,50,8,1,6,50000000,0.082308951,true,2
p2p,50,8,1,7,50000000,0.093539692,true,2
p2p,50,8,1,8,50000000,0.093179691,true,2
sequencial,50,8,1,1,50000000,0.129552450,true,1
sequencial,50,8,1,2,50000000,0.086927117,true,1
sequencial,50,8,1,3,50000000,0.071640939,true,1
sequencial,50,8,1,4,50000000,0.042002494,true,1
sequencial,50,8,1,5,50000000,0.211538199,true,1
sequencial,50,8,1,6,50000000,0.194688373,true,1
sequencial,50,8,1,7,50000000,0.162575454,true,1
sequencial,50,8,1,8,50000000,0.253887721,true,1
pool,50,8,1,1,50000000,0.104844398,true,2
pool,50,8,1,2,50000000,0.057701717,true,2
pool,50,8,1,3,50000000,0.045121116,true,2
pool,50,8,1,4,50000000,0.118353106,true,2
pool,50,8,1,5,50000000,0.035192978,true,2
pool,50,8,1,6,50000000,0.092254795,true,2
pool,50,8,1,7,50000000,0.085763252,true,2
pool,50,8,1,8,50000000,0.058379738,true,2
pool,50,8,2,1,50000000,0.138985272,true,2
pool,50,8,2,2,50000000,0.107461614,true,2
pool,50,8,2,3,50000000,0.090411297,true,2
pool,50,8,2,4,50000000,0.064561474,true,2
pool,50,8,2,5,50000000,0.044573468,true,2
pool,50,8,2,6,50000000,0.045231023,true,2
pool,50,8,2,7,50000000,0.112637164,true,2
pool,50,8,2,8,50000000,0.082763912,true,2
paralelo,50,8,2,1,50000000,0.078816061,true,8
paralelo,50,8,2,2,50000000,0.074425191,true,8
paralelo,50,8,2,3,50000000,0.060508747,true,8
paralelo,50,8,2,4,50000000,0.076046126,true,8
paralelo,50,8,2,5,50000000,0.065751771,true,8
paralelo,50,8,2,6,50000000,0.083862074,true,8
paralelo,50,8,2,7,50000000,0.085150416,true,8
paralelo,50,8,2,8,50000000,0.069246062,true,8
sequencial,50,8,2,1,50000000,0.035926877,true,1
sequencial,50,8,2,2,50000000,0.142976573,true,1
sequencial,50,8,2,3,50000000,0.072465287,true,1
sequencial,50,8,2,4,50000000,0.160257571,true,1
sequencial,50,8,2,5,50000000,0.084695180,true,1
sequencial,50,8,2,6,50000000,0.175423009,true,1
sequencial,50,8,2,7,50000000,0.121895658,true,1
sequencial,50,8,2,8,50000000,0.054788244,true,1
p2p,50,8,2,1,50000000,0.075449379,true,2
p2p,50,8,2,2,50000000,0.078269379,true,2
p2p,50,8,2,3,50000000,0.078372147,true,2
p2p,50,8,2,4,50000000,0.076551723,true,2
p2p,50,8,2,5,50000000,0.080541601,true,2
p2p,50,8,2,6,50000000,0.079788758,true,2
p2p,50,8,2,7,50000000,0.078072247,true,2
p2p,50,8,2,8,50000000,0.079644860,true,2
p2p,50,8,3,1,50000000,0.070615064,true,2
p2p,50,8,3,2,50000000,0.072486097,true,2
p2p,50,8,3,3,50000000,0.072163260,true,2
p2p,50,8,3,4,50000000,0.070626151,true,2
p2p,50,8,3,5,50000000,0.072474291,true,2
p2p,50,8,3,6,50000000,0.074268746,true,2
p2p,50,8,3,7,50000000,0.073335207,true,2
p2p,50,8,3,8,50000000,0.073007813,true,2
sequencial,50,8,3,1,50000000,0.112472154,true,1
sequencial,50,8,3,2,50000000,0.127720000,true,1
sequencial,50,8,3,3,50000000,0.038339355,true,1
sequencial,50,8,3,4,50000000,0.054942156,true,1
sequencial,50,8,3,5,50000000,0.149894310,true,1
sequencial,50,8,3,6,50000000,0.068228039,true,1
sequencial,50,8,3,7,50000000,0.167936512,true,1
sequencial,50,8,3,8,50000000,0.085311930,true,1
pool,50,8,3,1,50000000,0.098826305,true,2
pool,50,8,3,2,50000000,0.070753553,true,2
pool,50,8,3,3,50000000,0.117822657,true,2
pool,50,8,3,4,50000000,0.096959033,true,2
pool,50,8,3,5,50000000,0.045778688,true,2
pool,50,8,3,6,50000000,0.119916279,true,2
pool,50,8,3,7,50000000,0.050816708,true,2
pool,50,8,3,8,50000000,0.072241255,true,2
paralelo,50,8,3,1,50000000,0.071147661,true,8
paralelo,50,8,3,2,50000000,0.080478637,true,8
paralelo,50,8,3,3,50000000,0.079282860,true,8
paralelo,50,8,3,4,50000000,0.063156188,true,8
paralelo,50,8,3,5,50000000,0.072784418,true,8
paralelo,50,8,3,6,50000000,0.061533160,true,8
paralelo,50,8,3,7,50000000,0.094227864,true,8
paralelo,50,8,3,8,50000000,0.069277329,true,8
p2p,500,2,1,1,500000000,0.276742317,true,2
p2p,500,2,1,2,500000000,0.276458232,true,2
paralelo,500,2,1,1,500000000,0.194205389,true,2
paralelo,500,2,1,2,500000000,0.209805079,true,2
pool,500,2,1,1,500000000,0.148314193,true,2
pool,500,2,1,2,500000000,0.134334819,true,2
sequencial,500,2,1,1,500000000,0.305437775,true,1
sequencial,500,2,1,2,500000000,0.167423976,true,1
pool,500,2,2,1,500000000,0.185866449,true,2
pool,500,2,2,2,500000000,0.165695974,true,2
paralelo,500,2,2,1,500000000,0.272368527,true,2
paralelo,500,2,2,2,500000000,0.184230457,true,2
p2p,500,2,2,1,500000000,0.348021106,true,2
p2p,500,2,2,2,500000000,0.348087835,true,2
sequencial,500,2,2,1,500000000,0.157340472,true,1
sequencial,500,2,2,2,500000000,0.297098322,true,1
p2p,500,2,3,1,500000000,0.266361625,true,2
p2p,500,2,3,2,500000000,0.266120553,true,2
paralelo,500,2,3,1,500000000,0.239581362,true,2
paralelo,500,2,3,2,500000000,0.166551427,true,2
sequencial,500,2,3,1,500000000,0.143705822,true,1
sequencial,500,2,3,2,500000000,0.286500563,true,1
pool,500,2,3,1,500000000,0.146716679,true,2
pool,500,2,3,2,500000000,0.145274283,true,2
pool,500,4,1,1,500000000,0.347588968,true,2
pool,500,4,1,2,500000000,0.153492293,true,2
pool,500,4,1,3,500000000,0.314399763,true,2
pool,500,4,1,4,500000000,0.153596942,true,2
paralelo,500,4,1,1,500000000,0.260658881,true,4
paralelo,500,4,1,2,500000000,0.233148018,true,4
paralelo,500,4,1,3,500000000,0.255944633,true,4
paralelo,500,4,1,4,500000000,0.248608125,true,4
sequencial,500,4,1,1,500000000,0.642331587,true,1
sequencial,500,4,1,2,500000000,0.353239355,true,1
sequencial,500,4,1,3,500000000,0.489211240,true,1
sequencial,500,4,1,4,500000000,0.183523693,true,1
p2p,500,4,1,1,500000000,0.449534358,true,2
p2p,500,4,1,2,500000000,0.440544000,true,2
p2p,500,4,1,3,500000000,0.450882725,true,2
p2p,500,4,1,4,500000000,0.449400456,true,2
p2p,500,4,2,1,500000000,0.441321743,true,2
p2p,500,4,2,2,500000000,0.438359303,true,2
p2p,500,4,2,3,500000000,0.442436745,true,2
p2p,500,4,2,4,500000000,0.442131941,true,2
sequencial,500,4,2,1,500000000,0.672734888,true,1
sequencial,500,4,2,2,500000000,0.518627193,true,1
sequencial,500,4,2,3,500000000,0.159430722,true,1
sequencial,500,4,2,4,500000000,0.310583017,true,1
pool,500,4,2,1,500000000,0.383977893,true,2
pool,500,4,2,2,500000000,0.200595046,true,2
pool,500,4,2,3,500000000,0.384394495,true,2
pool,500,4,2,4,500000000,0.167447645,true,2
paralelo,500,4,2,1,500000000,0.235207233,true,4
paralelo,500,4,2,2,500000000,0.242302429,true,4
paralelo,500,4,2,3,500000000,0.211944539,true,4
paralelo,500,4,2,4,500000000,0.228861222,true,4
paralelo,500,4,3,1,500000000,0.265148897,true,4
paralelo,500,4,3,2,500000000,0.241304195,true,4
paralelo,500,4,3,3,500000000,0.228522422,true,4
paralelo,500,4,3,4,500000000,0.276498986,true,4
p2p,500,4,3,1,500000000,0.385798755,true,2
p2p,500,4,3,2,500000000,0.383361819,true,2
p2p,500,4,3,3,500000000,0.387118915,true,2
p2p,500,4,3,4,500000000,0.385163366,true,2
sequencial,500,4,3,1,500000000,0.681178629,true,1
sequencial,500,4,3,2,500000000,0.173724963,true,1
sequencial,500,4,3,3,500000000,0.368734408,true,1
sequencial,500,4,3,4,500000000,0.535378010,true,1
pool,500,4,3,1,500000000,0.155201653,true,2
pool,500,4,3,2,500000000,0.373201429,true,2
pool,500,4,3,3,500000000,0.151527615,true,2
pool,500,4,3,4,500000000,0.395331704,true,2
p2p,500,8,1,1,500000000,0.739907026,true,2
p2p,500,8,1,2,500000000,0.758400881,true,2
p2p,500,8,1,3,500000000,0.741229360,true,2
p2p,500,8,1,4,500000000,0.741382816,true,2
p2p,500,8,1,5,500000000,0.758311268,true,2
p2p,500,8,1,6,500000000,0.759616192,true,2
p2p,500,8,1,7,500000000,0.741252524,true,2
p2p,500,8,1,8,500000000,0.740946296,true,2
sequencial,500,8,1,1,500000000,1.320216028,true,1
sequencial,500,8,1,2,500000000,0.721338797,true,1
sequencial,500,8,1,3,500000000,1.168147747,true,1
sequencial,500,8,1,4,500000000,1.472317470,true,1
sequencial,500,8,1,5,500000000,0.390701843,true,1
sequencial,500,8,1,6,500000000,0.229918653,true,1
sequencial,500,8,1,7,500000000,0.883848705,true,1
sequencial,500,8,1,8,500000000,1.027412331,true,1
paralelo,500,8,1,1,500000000,0.412345304,true,8
paralelo,500,8,1,2,500000000,0.415065992,true,8
paralelo,500,8,1,3,500000000,0.316157049,true,8
paralelo,500,8,1,4,500000000,0.336981735,true,8
paralelo,500,8,1,5,500000000,0.270393347,true,8
paralelo,500,8,1,6,500000000,0.412586690,true,8
paralelo,500,8,1,7,500000000,0.392451421,true,8
paralelo,500,8,1,8,500000000,0.400733694,true,8
pool,500,8,1,1,500000000,0.395612715,true,2
pool,500,8,1,2,500000000,1.011800710,true,2
pool,500,8,1,3,500000000,0.201720591,true,2
pool,500,8,1,4,500000000,0.595207201,true,2
pool,500,8,1,5,500000000,0.237489866,true,2
pool,500,8,1,6,500000000,0.844957231,true,2
pool,500,8,1,7,500000000,0.791846663,true,2
pool,500,8,1,8,500000000,0.528850400,true,2
pool,500,8,2,1,500000000,0.809017996,true,2
pool,500,8,2,2,500000000,0.732706971,true,2
pool,500,8,2,3,500000000,0.544095184,true,2
pool,500,8,2,4,500000000,0.984722479,true,2
pool,500,8,2,5,500000000,0.509547015,true,2
pool,500,8,2,6,500000000,0.192284682,true,2
pool,500,8,2,7,500000000,0.221605765,true,2
pool,500,8,2,8,500000000,0.881520275,true,2
p2p,500,8,2,1,500000000,0.664170607,true,2
p2p,500,8,2,2,500000000,0.659930608,true,2
p2p,500,8,2,3,500000000,0.664295997,true,2
p2p,500,8,2,4,500000000,0.665780490,true,2
p2p,500,8,2,5,500000000,0.660981981,true,2
p2p,500,8,2,6,500000000,0.661061824,true,2
p2p,500,8,2,7,500000000,0.664482071,true,2
p2p,500,8,2,8,500000000,0.664176750,true,2
sequencial,500,8,2,1,500000000,0.755919575,true,1
sequencial,500,8,2,2,500000000,1.039470502,true,1
sequencial,500,8,2,3,500000000,1.751025492,true,1
sequencial,500,8,2,4,500000000,1.365725822,true,1
sequencial,500,8,2,5,500000000,0.426553852,true,1
sequencial,500,8,2,6,500000000,2.080455925,true,1
sequencial,500,8,2,7,500000000,0.257200467,true,1
sequencial,500,8,2,8,500000000,1.608426370,true,1
paralelo,500,8,2,1,500000000,0.414908252,true,8
paralelo,500,8,2,2,500000000,0.416285622,true,8
paralelo,500,8,2,3,500000000,0.411722642,true,8
paralelo,500,8,2,4,500000000,0.418380365,true,8
paralelo,500,8,2,5,500000000,0.384263975,true,8
paralelo,500,8,2,6,500000000,0.386088921,true,8
paralelo,500,8,2,7,500000000,0.360801326,true,8
paralelo,500,8,2,8,500000000,0.417103936,true,8
paralelo,500,8,3,1,500000000,0.313000693,true,8
paralelo,500,8,3,2,500000000,0.367223326,true,8
paralelo,500,8,3,3,500000000,0.405465395,true,8
paralelo,500,8,3,4,500000000,0.463015432,true,8
paralelo,500,8,3,5,500000000,0.283157715,true,8
paralelo,500,8,3,6,500000000,0.396322135,true,8
paralelo,500,8,3,7,500000000,0.250744894,true,8
paralelo,500,8,3,8,500000000,0.262645468,true,8
pool,500,8,3,1,500000000,0.341523101,true,2
pool,500,8,3,2,500000000,0.354460555,true,2
pool,500,8,3,3,500000000,0.942704633,true,2
pool,500,8,3,4,500000000,0.633475976,true,2
pool,500,8,3,5,500000000,0.185826148,true,2
pool,500,8,3,6,500000000,0.695978489,true,2
pool,500,8,3,7,500000000,0.498144604,true,2
pool,500,8,3,8,500000000,0.212194009,true,2
p2p,500,8,3,1,500000000,0.514388190,true,2
p2p,500,8,3,2,500000000,0.509790876,true,2
p2p,500,8,3,3,500000000,0.512517029,true,2
p2p,500,8,3,4,500000000,0.515452958,true,2
p2p,500,8,3,5,500000000,0.508588790,true,2
p2p,500,8,3,6,500000000,0.508674511,true,2
p2p,500,8,3,7,500000000,0.514669310,true,2
p2p,500,8,3,8,500000000,0.514496179,true,2
sequencial,500,8,3,1,500000000,0.824804366,true,1
sequencial,500,8,3,2,500000000,1.156192968,true,1
sequencial,500,8,3,3,500000000,0.324869920,true,1
sequencial,500,8,3,4,500000000,0.631876683,true,1
sequencial,500,8,3,5,500000000,1.014745937,true,1
sequencial,500,8,3,6,500000000,1.338596244,true,1
sequencial,500,8,3,7,500000000,0.468749896,true,1
sequencial,500,8,3,8,500000000,0.174694049,true,1
